{"Time": 0.02989792823791504, "Result": 35.00000000000001, "Solution": [0, 0, 3, 2, 2, 1, 4, 1, 1, 3, 4, 5, 6, 1, 2, 7, 8, 4, 6, 6, 6, 9, 10, 7, 7, 11, 10, 8, 12, 12, 9, 13, 10, 14, 12, 5, 14, 13, 15, 15]}