{"Time": 0.015501022338867188, "Result": 23.000000000000007, "Solution": [0, 0, 1, 0, 5, 1, 2, 2, 7, 7, 4, 4, 8, 5, 6, 8, 9, 6, 3, 1]}