{"Time": 0.017756223678588867, "Result": 34.00000000000001, "Solution": [0, 0, 0, 4, 3, 5, 1, 4, 1, 3, 1, 4, 2, 3, 1, 2, 4, 4, 7, 6, 7, 8, 5, 9, 5, 9, 10, 7, 10, 6]}