{"Time": 0.019073009490966797, "Result": 42.00000000000001, "Solution": [0, 0, 0, 1, 2, 2, 5, 3, 1, 1, 3, 4, 4, 4, 4, 6, 2, 7, 9, 6, 9, 8, 5, 5, 8, 8, 6, 10, 9, 10]}