{"Time": 0.0252993106842041, "Result": 29.999999999999996, "Solution": [0, 0, 2, 2, 5, 1, 4, 0, 1, 4, 3, 1, 6, 7, 7, 3, 6, 10, 6, 5, 8, 10, 7, 11, 8, 14, 9, 13, 13, 14, 12, 12, 16, 16, 15, 15, 18, 18, 17, 17]}