{"Time": 0.01709294319152832, "Result": 34.00000000000001, "Solution": [1, 1, 1, 1, 0, 1, 2, 1, 2, 3, 3, 1, 1, 3, 2, 4, 4, 2, 2, 4, 5, 3, 4, 5, 5, 6, 0, 0, 5, 5, 6, 0, 0, 6, 7, 2, 2, 7, 7, 7]}