{"Time": 0.01693582534790039, "Result": 29.999999999999996, "Solution": [0, 0, 0, 0, 0, 0, 0, 7, 0, 7, 2, 7, 2, 2, 2, 2, 0, 1, 7, 3, 6, 6, 1, 3, 7, 6, 7, 3, 5, 3, 1, 7, 7, 5, 3, 5, 6, 7, 1, 6]}