{"Time": 0.015200138092041016, "Result": 14.999999999999998, "Solution": [1, 0, 0, 0, 0, 0, 0, 0, 0, 1, 1, 1, 1, 2, 2, 2, 2, 2, 2, 3, 3, 2, 2, 3, 3, 3, 5, 5, 5, 5]}