{"Time": 0.018995046615600586, "Result": 20.000000000000007, "Solution": [0, 1, 1, 0, 1, 0, 1, 0, 0, 0, 2, 0, 2, 1, 6, 1, 0, 3, 0, 2, 2, 2, 1, 4, 0, 5, 4, 1, 3, 4, 2, 8, 3, 3, 3, 5, 5, 6, 7, 6, 5, 6, 5, 7, 4, 8, 7, 5, 7, 8]}