{"Time": 0.013585805892944336, "Result": 2.999999999999998, "Solution": [1, 0, 1, 0, 1, 1, 2, 3, 2, 0, 3, 3, 4, 0, 3, 2, 4, 4, 3, 4]}