{"Time": 0.018050670623779297, "Result": 99.99999999999999, "Solution": [4, 0, 0, 0, 3, 4, 4, 0, 1, 3, 6, 1, 0, 2, 4, 2, 1, 2, 1, 2, 3, 2, 3, 1, 3, 2, 1, 2, 3, 0, 1, 3, 6, 1, 0, 2, 0, 6, 0, 6]}