{"Time": 0.015944957733154297, "Result": 48.00000000000001, "Solution": [1, 2, 1, 1, 2, 3, 2, 4, 4, 5, 7, 5, 6, 3, 6, 7, 7, 8, 8, 8]}