{"Time": 0.012987136840820312, "Result": 17.000000000000007, "Solution": [0, 0, 0, 2, 1, 2, 1, 3, 3, 3]}