{"Time": 0.019006013870239258, "Result": 48.00000000000001, "Solution": [2, 1, 0, 0, 1, 3, 0, 0, 1, 3, 3, 1, 1, 1, 2, 3, 3, 0, 0, 2, 3, 2, 3, 0, 3, 4, 3, 3, 5, 4, 3, 1, 5, 5, 2, 2, 3, 5, 5, 4, 5, 5, 2, 5, 4, 3, 5, 5, 5, 4]}