{"Time": 0.015974998474121094, "Result": 0.9999999999999992, "Solution": [1, 1, 1, 0, 2, 3, 4, 4, 5, 5, 6, 0, 7, 2, 3, 8, 2, 7, 6, 8]}