{"Time": 0.014492034912109375, "Result": 18.000000000000004, "Solution": [1, 0, 0, 1, 0, 0, 6, 2, 2, 0, 3, 1, 4, 4, 4, 0, 5, 6, 5, 3]}