{"Time": 0.0074939727783203125, "Result": 1.0000000000000007, "Solution": [4, 2, 0, 3, 4, 0, 3, 2, 4, 1]}