{"Time": 0.01631474494934082, "Result": 30.000000000000004, "Solution": [1, 2, 0, 0, 0, 1, 2, 2, 3, 3, 4, 2, 4, 5, 6, 7, 9, 7, 5, 9]}