{"Time": 0.017531156539916992, "Result": 2.9999999999999982, "Solution": [0, 0, 0, 0, 0, 0, 0, 0, 1, 1, 1, 2, 1, 1, 0, 0, 2, 0, 3, 1, 0, 3, 3, 3, 3, 4, 4, 3, 3, 4, 3, 2, 5, 5, 5, 1, 2, 1, 2, 5, 2, 4, 5, 5, 5, 5, 2, 1, 5, 5]}