{"Time": 0.00812387466430664, "Result": 1.0000000000000009, "Solution": [0, 1, 1, 1, 1, 0, 0, 1, 1, 1]}