{"Time": 0.013731956481933594, "Result": 20.000000000000004, "Solution": [0, 0, 0, 0, 0, 1, 0, 2, 3, 1, 0, 2, 1, 1, 1, 0, 0, 0, 0, 2, 0, 2, 3, 2, 1, 1, 0, 0, 0, 3]}