{"Time": 0.016387224197387695, "Result": 15.000000000000002, "Solution": [2, 0, 1, 2, 2, 2, 0, 0, 1, 1, 0, 1, 1, 1, 0, 2, 2, 2, 2, 2, 0, 0, 1, 1, 0, 4, 0, 0, 1, 2, 4, 1, 0, 4, 4, 2, 4, 4, 1, 4]}