{"Time": 0.01365971565246582, "Result": 43.00000000000001, "Solution": [0, 0, 1, 0, 0, 0, 0, 1, 1, 0, 1, 3, 0, 0, 2, 3, 2, 2, 2, 1]}