{"Time": 0.018117904663085938, "Result": 29.000000000000004, "Solution": [0, 0, 0, 1, 0, 0, 1, 0, 0, 3, 2, 6, 3, 0, 6, 2, 3, 4, 1, 2, 6, 4, 6, 4, 6, 1, 5, 1, 1, 1, 4, 2, 7, 2, 3, 7, 4, 7, 6, 5]}