{"Time": 0.013561248779296875, "Result": 8.999999999999998, "Solution": [3, 1, 0, 0, 2, 0, 0, 1, 0, 0, 0, 1, 2, 0, 2, 3, 2, 4, 4, 4]}