{"Time": 0.015951156616210938, "Result": 6.000000000000003, "Solution": [1, 1, 0, 1, 1, 1, 2, 1, 1, 0, 1, 2, 2, 2, 0, 3, 3, 3, 3, 3, 4, 5, 4, 4, 4, 5, 5, 5, 5, 2]}