{"Time": 0.015630006790161133, "Result": 13.000000000000002, "Solution": [2, 1, 0, 0, 1, 1, 1, 1, 0, 1, 2, 2, 2, 5, 3, 2, 5, 4, 5, 3, 4, 6, 2, 6, 4, 3, 6, 6, 6, 3]}